{
    "MW-N": {
        "FOI": {
            "mean": 0.017431789,
            "sd": 0.003447052
        },
        "p9": {
            "mean": 53.79096006,
            "sd": 6.459718269
        }
    },
    "MW-C": {
        "FOI": {
            "mean": 0.017311287,
            "sd": 0.002900969
        },
        "p9": {
            "mean": 53.91217506,
            "sd": 5.593496839
        }
    },
    "MW-S": {
        "FOI": {
            "mean": 0.015238763,
            "sd": 0.003627391

        },
        "p9": {
            "mean": 58.26609398,
            "sd": 7.580329575
        }
    }
}