{
    "TZ-09": {
        "FOI": {
            "mean": 0.016445724,
            "sd": 0.003150749
        },
        "p9": {
            "mean": 55.66817119,
            "sd": 6.163944496
        }
    },
    "TZ-13": {
        "FOI": {
            "mean": 0.002985001,
            "sd": 0.002129212
        },
        "p9": {
            "mean": 90.06493388,
            "sd": 6.555572685
        }
    },
    "TZ-26": {
        "FOI": {
            "mean": 0.017218246,
            "sd": 0.002942798

        },
        "p9": {
            "mean": 54.10011307,
            "sd": 5.649831156
        }
    },
    "TZ-01": {
        "FOI": {
            "mean": 0.018324793,
            "sd": 0.003052398
        },
        "p9": {
            "mean": 52.00884365,
            "sd": 5.626308641
        }
    },
    "TZ-05": {
        "FOI": {
            "mean": 0.002277013,
            "sd": 0.002190524
        },
        "p9": {
            "mean": 92.40183239,
            "sd": 6.788234964
        }
    },
    "TZ-14": {
        "FOI": {
            "mean": 0.014017783,
            "sd": 0.002716427
        },
        "p9": {
            "mean": 60.65685682,
            "sd": 5.841054978
        }
    },
    "TZ-23": {
        "FOI": {
            "mean": 0.018392012,
            "sd": 0.003878243
        },
        "p9": {
            "mean": 52.07616992,
            "sd": 7.236464781
        }
    },
    "TZ-17": {
        "FOI": {
            "mean": 0.020616727,
            "sd": 0.004665056
        },
        "p9": {
            "mean": 48.27411766,
            "sd": 8.064571821
        }
    },
    "TZ-04": {
        "FOI": {
            "mean": 0.021489486,
            "sd": 0.003648718
        },
        "p9": {
            "mean": 46.53100764,
            "sd": 6.115993055
        }
    },
    "TZ-02": {
        "FOI": {
            "mean": 0.017969374,
            "sd": 0.003832584
        },
        "p9": {
            "mean": 52.86533599,
            "sd": 7.320437413
        }
    },
    "TZ-12": {
        "FOI": {
            "mean": 0.019110835,
            "sd": 0.003739085
        },
        "p9": {
            "mean": 50.71112124,
            "sd": 6.78659131
        }
    },
    "TZ-24": {
        "FOI": {
            "mean": 0.010565439,
            "sd": 0.002870599
        },
        "p9": {
            "mean": 68.72386709,
            "sd": 7.058442294
        }
    },
    "TZ-19": {
        "FOI": {
            "mean": 0.013755495,
            "sd": 0.003571165
        },
        "p9": {
            "mean": 61.46072648,
            "sd": 8.227702987
        }
    },
    "TZ-21": {
        "FOI": {
            "mean": 0.017796781,
            "sd": 0.003079671
        },
        "p9": {
            "mean": 53.01459445,
            "sd": 5.841768185
        }
    },
    "TZ-16": {
        "FOI": {
            "mean": 0.017782786,
            "sd": 0.002781844
        },
        "p9": {
            "mean": 52.98193621,
            "sd": 5.274098744
        }
    },
    "TZ-20": {
        "FOI": {
            "mean": 0.023963481,
            "sd": 0.002242037
        },
        "p9": {
            "mean": 42.33996869,
            "sd": 3.433802724
        }
    },
    "TZ-08": {
        "FOI": {
            "mean": 0.029716704,
            "sd": 0.002917079
        },
        "p9": {
            "mean": 34.49786946,
            "sd": 3.679669982
        }
    },
    "TZ-25": {
        "FOI": {
            "mean": 0.000158627,
            "sd": 0.000480755
        },
        "p9": {
            "mean": 99.44483206,
            "sd": 1.625810408
        }
    },
    "TZ-03": {
        "FOI": {
            "mean": 0.000122628,
            "sd": 0.000279537
        },
        "p9": {
            "mean": 99.56441811,
            "sd": 0.968768493
        }
    },
    "TZ-11": {
        "FOI": {
            "mean": 0.001556927,
            "sd": 0.001771859
        },
        "p9": {
            "mean": 94.73583833,
            "sd": 5.811285692
        }
    },
    "TZ-06": {
        "FOI": {
            "mean": 0.001590968,
            "sd": 0.001489493
        },
        "p9": {
            "mean": 94.56555546,
            "sd": 4.901549658
        }
    },
    "TZ-07": {
        "FOI": {
            "mean": 0.00192226,
            "sd": 0.002397988
        },
        "p9": {
            "mean": 93.647415,
            "sd": 7.638415841
        }
    },
    "TZ-15": {
        "FOI": {
            "mean": 0.003457885,
            "sd": 0.002415105
        },
        "p9": {
            "mean": 88.61556103,
            "sd": 7.294019071
        }
    },
    "TZ-10": {
        "FOI": {
            "mean": 0.004961097,
            "sd": 0.002738575
        },
        "p9": {
            "mean": 84.04845051,
            "sd": 8.261857755
        }
    },
    "TZ-28": {
        "FOI": {
            "mean": 0.002384364,
            "sd": 0.00204937
        },
        "p9": {
            "mean": 92.01277163,
            "sd": 6.374180121
        }
    },
    "TZ-29": {
        "FOI": {
            "mean": 0.000162073,
            "sd": 0.000452203
        },
        "p9": {
            "mean": 99.43088956,
            "sd": 1.535780365
        }
    },
    "TZ-27": {
        "FOI": {
            "mean": 0.000434456,
            "sd": 0.000840386
        },
        "p9": {
            "mean": 98.49145948,
            "sd": 2.832235301
        }
    },
    "TZ-30": {
        "FOI": {
            "mean": 0.000595696,
            "sd": 0.001181838
        },
        "p9": {
            "mean": 97.96278678,
            "sd": 3.909656528
        }
    },
    "TZ-18": {
        "FOI": {
            "mean": 0.001978504,
            "sd": 0.002180366
        },
        "p9": {
            "mean": 93.39759006,
            "sd": 6.838438659
        }
    },
    "TZ-22": {
        "FOI": {
            "mean": 0.016132217,
            "sd": 0.002481629
        },
        "p9": {
            "mean": 56.17150067,
            "sd": 5.082420913
        }
    }
}